threshold,accuracy,n_low,n_high,n_components,explained_variance
0.0,0.65,5,15,11.0,0.9093001950360252
10.0,0.7,7,13,11.0,0.9093001950360252
20.0,1.0,10,10,11.0,0.9093001950360252
30.0,1.0,13,7,11.0,0.9093001950360252
40.0,0.7,15,5,11.0,0.9093001950360252
50.0,,19,1,,
60.0,,20,0,,
