threshold,accuracy,n_low,n_high,n_components,explained_variance
0.0,,0,20,,
0.2,0.65,5,15,15.0,0.9021998594499252
0.4,0.7,7,13,15.0,0.9021998594499252
0.6000000000000001,0.95,10,10,15.0,0.9021998594499252
0.8,0.75,11,9,15.0,0.9021998594499252
1.0,0.9,13,7,15.0,0.9021998594499252
1.2000000000000002,0.85,14,6,15.0,0.9021998594499252
1.4000000000000001,0.7,15,5,15.0,0.9021998594499252
1.6,0.45,16,4,15.0,0.9021998594499252
1.8,,19,1,,
2.0,,20,0,,
